id_vente,date,id_produit,id_client,id_commercial,region,canal,quantite,prix_unitaire,remise_pct
V0001,2024-04-08,P101,C002,S001,Nord,Distributeur,1,720.66,10
V0002,2024-07-07,P103,C001,S004,Ouest,En ligne,5,31.76,0
V0003,2024-09-26,P103,C014,S001,Nord,Magasin,1,46.85,10
V0004,2024-08-28,P104,C022,S001,Nord,Magasin,1,20.38,20
V0005,2024-01-27,P101,C043,S004,Ouest,Magasin,2,637.59,10
V0006,2024-06-03,P103,C015,S004,Ouest,En ligne,1,33.85,20
V0007,2024-10-23,P101,C024,S004,Ouest,Magasin,3,834.23,0
V0008,2024-12-17,P104,C036,S001,Nord,Distributeur,5,20.74,15
V0009,2024-10-03,P104,C014,S003,Est,Magasin,5,21.69,10
V0010,2024-02-15,P104,C033,S003,Est,En ligne,2,26.3,10
V0011,2024-04-19,P102,C037,S002,Sud,Distributeur,1,204.63,15
V0012,2024-11-27,P101,C029,S004,Ouest,En ligne,1,620.31,5
V0013,2024-02-01,P101,C030,S002,Sud,En ligne,1,825.44,25
V0014,2024-11-17,P103,C017,S002,Sud,Distributeur,4,38.82,15
V0015,2024-05-09,P102,C015,S003,Est,Magasin,4,219.48,20
V0016,2024-07-30,P102,C002,S001,Nord,Distributeur,4,199.27,20
V0017,2024-10-11,P104,C043,S004,Ouest,Magasin,1,22.61,25
V0018,2024-11-04,P100,C027,S004,Ouest,En ligne,5,119.83,5
V0019,2024-01-06,P100,C010,S003,Est,Magasin,4,136.77,15
V0020,2024-01-05,P102,C026,S001,Nord,En ligne,2,239.56,10
V0021,2024-04-12,P103,C008,S001,Nord,Magasin,2,48.8,25
V0022,2024-10-16,P100,C033,S001,Nord,En ligne,1,130.33,20
V0023,2024-11-12,P101,C012,S002,Sud,Magasin,1,887.35,0
V0024,2024-12-04,P104,C043,S002,Sud,Magasin,5,20.73,0
V0025,2024-08-30,P102,C025,S002,Sud,En ligne,3,163.34,10
V0026,2024-11-02,P102,C007,S004,Ouest,En ligne,1,224.9,20
V0027,2024-09-29,P102,C022,S002,Sud,En ligne,3,184.92,5
V0028,2024-05-24,P102,C004,S001,Nord,En ligne,1,205.08,5
V0029,2024-01-19,P101,C042,S004,Ouest,En ligne,5,855.43,5
V0030,2024-01-15,P100,C025,S001,Nord,En ligne,2,147.72,25
V0031,2024-09-05,P103,C010,S004,Ouest,En ligne,1,31.16,10
V0032,2024-06-23,P101,C013,S004,Ouest,Distributeur,5,941.3,25
V0033,2024-08-22,P102,C005,S003,Est,Distributeur,4,168.81,0
V0034,2024-03-31,P104,C005,S004,Ouest,Magasin,1,29.43,15
V0035,2024-06-26,P104,C024,S001,Nord,Distributeur,2,20.89,10
V0036,2024-09-16,P102,C038,S004,Ouest,En ligne,4,231.83,5
V0037,2024-10-05,P104,C040,S002,Sud,Distributeur,5,19.57,20
V0038,2024-04-11,P102,C035,S004,Ouest,En ligne,5,151.57,25
V0039,2024-02-07,P103,C044,S002,Sud,Distributeur,3,31.89,15
V0040,2024-01-29,P103,C010,S004,Ouest,Magasin,5,34.83,0
V0041,2024-03-22,P103,C012,S002,Sud,En ligne,3,38.94,0
V0042,2024-10-26,P103,C016,S002,Sud,En ligne,3,49.26,25
V0043,2024-02-08,P101,C007,S004,Ouest,Magasin,1,790.69,0
V0044,2024-06-25,P101,C003,S001,Nord,Magasin,4,929.18,15
V0045,2024-09-12,P100,C046,S001,Nord,En ligne,2,126.11,15
V0046,2024-01-05,P104,C014,S003,Est,Magasin,4,25.57,5
V0047,2024-12-22,P100,C003,S003,Est,Magasin,5,159.78,20
V0048,2024-12-24,P100,C024,S003,Est,Distributeur,4,149.78,25
V0049,2024-03-11,P102,C043,S001,Nord,En ligne,2,228.74,25
V0050,2024-11-26,P103,C043,S003,Est,En ligne,3,43.3,15
V0051,2024-03-29,P100,C023,S004,Ouest,Distributeur,4,121.46,10
V0052,2024-01-09,P104,C041,S004,Ouest,En ligne,4,25.71,20
V0053,2024-04-02,P104,C036,S002,Sud,Distributeur,2,24.36,5
V0054,2024-12-22,P101,C005,S003,Est,En ligne,1,777.07,10
V0055,2024-11-02,P103,C048,S004,Ouest,Magasin,4,35.4,20
V0056,2024-05-17,P104,C005,S003,Est,Distributeur,2,25.52,0
V0057,2024-01-30,P100,C032,S001,Nord,Magasin,1,141.35,20
V0058,2024-12-01,P104,C016,S002,Sud,En ligne,4,21.82,25
V0059,2024-08-08,P102,C010,S001,Nord,Magasin,2,205.31,5
V0060,2024-05-23,P104,C015,S002,Sud,Magasin,4,23.83,5
V0061,2024-11-04,P103,C028,S002,Sud,En ligne,5,40.09,25
V0062,2024-11-19,P103,C014,S002,Sud,Distributeur,3,48.11,20
V0063,2024-07-31,P100,C017,S001,Nord,Distributeur,1,97.67,25
V0064,2024-10-02,P103,C016,S004,Ouest,Magasin,4,46.51,0
V0065,2024-02-14,P103,C012,S001,Nord,En ligne,5,46.3,15
V0066,2024-07-30,P104,C008,S003,Est,Magasin,4,19.44,15
V0067,2024-05-11,P102,C045,S002,Sud,En ligne,2,219.37,15
V0068,2024-05-27,P100,C026,S001,Nord,Distributeur,1,158.48,5
V0069,2024-01-31,P100,C004,S004,Ouest,Magasin,1,142.63,10
V0070,2024-05-31,P104,C002,S001,Nord,Magasin,5,22.42,25
V0071,2024-04-27,P104,C003,S002,Sud,En ligne,5,19.47,25
V0072,2024-02-04,P102,C026,S004,Ouest,Magasin,4,161.01,10
V0073,2024-07-30,P104,C021,S004,Ouest,En ligne,4,29.47,15
V0074,2024-05-18,P104,C034,S002,Sud,En ligne,3,25.7,15
V0075,2024-01-08,P104,C008,S004,Ouest,Distributeur,5,19.74,25
V0076,2024-01-09,P104,C046,S002,Sud,En ligne,3,24.42,5
V0077,2024-04-19,P102,C001,S003,Est,Distributeur,4,205.7,0
V0078,2024-10-09,P102,C003,S004,Ouest,En ligne,3,219.03,5
V0079,2024-12-27,P100,C011,S002,Sud,Magasin,1,102.18,10
V0080,2024-08-26,P100,C008,S003,Est,Magasin,1,148.27,25
V0081,2024-01-29,P102,C044,S003,Est,Magasin,2,158.77,20
V0082,2024-07-06,P101,C002,S002,Sud,Distributeur,4,835.5,25
V0083,2024-01-05,P100,C049,S004,Ouest,En ligne,3,141.07,0
V0084,2024-10-24,P100,C018,S002,Sud,Magasin,5,142.78,25
V0085,2024-07-08,P102,C001,S003,Est,Distributeur,5,158.01,0
V0086,2024-10-17,P104,C003,S003,Est,Distributeur,2,21.36,15
V0087,2024-11-09,P100,C032,S001,Nord,Magasin,1,119.19,15
V0088,2024-09-08,P101,C046,S003,Est,En ligne,3,606.59,5
V0089,2024-10-24,P104,C015,S003,Est,En ligne,4,25.24,0
V0090,2024-05-02,P104,C023,S001,Nord,Distributeur,3,25.22,5
V0091,2024-03-21,P102,C034,S004,Ouest,En ligne,5,159.62,15
V0092,2024-11-07,P100,C038,S004,Ouest,Distributeur,2,153.95,20
V0093,2024-11-18,P104,C033,S003,Est,Distributeur,1,25.27,25
V0094,2024-05-11,P102,C046,S002,Sud,Distributeur,5,215.85,10
V0095,2024-09-28,P104,C031,S001,Nord,En ligne,4,18.03,15
V0096,2024-03-31,P102,C049,S003,Est,Distributeur,4,205.6,15
V0097,2024-08-18,P102,C017,S003,Est,Magasin,1,221.17,20
V0098,2024-08-28,P102,C032,S003,Est,Distributeur,1,147.36,0
V0099,2024-05-05,P100,C008,S001,Nord,Distributeur,2,133.35,25
V0100,2024-07-05,P102,C018,S002,Sud,Magasin,3,194.5,5
V0101,2024-06-29,P100,C038,S004,Ouest,En ligne,1,114.03,15
V0102,2024-07-29,P100,C046,S004,Ouest,Magasin,3,154.64,20
V0103,2024-05-18,P102,C046,S002,Sud,Magasin,3,191.65,0
V0104,2024-10-22,P103,C022,S002,Sud,En ligne,2,33.42,10
V0105,2024-06-15,P103,C029,S003,Est,Distributeur,4,46.93,0
V0106,2024-06-25,P100,C023,S001,Nord,Distributeur,5,136.13,5
V0107,2024-02-08,P103,C023,S003,Est,En ligne,1,42.07,15
V0108,2024-08-09,P100,C033,S001,Nord,En ligne,4,128.18,20
V0109,2024-08-02,P100,C042,S001,Nord,Magasin,3,103.02,0
V0110,2024-03-04,P101,C027,S001,Nord,Distributeur,5,748.32,0
V0111,2024-05-14,P101,C026,S003,Est,En ligne,5,821.97,15
V0112,2024-03-21,P100,C029,S002,Sud,En ligne,1,96.97,20
V0113,2024-05-15,P103,C029,S004,Ouest,Magasin,3,32.97,20
V0114,2024-07-01,P103,C017,S002,Sud,Distributeur,4,43.85,20
V0115,2024-05-22,P100,C007,S002,Sud,En ligne,3,122.8,25
V0116,2024-05-29,P100,C011,S003,Est,Distributeur,1,144.62,25
V0117,2024-10-06,P102,C012,S002,Sud,En ligne,4,221.41,20
V0118,2024-09-12,P101,C048,S001,Nord,Magasin,4,740.22,20
V0119,2024-10-08,P100,C020,S002,Sud,Magasin,2,129.82,0
V0120,2024-09-19,P100,C001,S002,Sud,Distributeur,3,96.15,5
V0121,2024-08-05,P103,C031,S004,Ouest,Magasin,3,33.92,20
V0122,2024-02-03,P100,C032,S001,Nord,En ligne,4,153.01,5
V0123,2024-06-22,P102,C044,S004,Ouest,Magasin,4,181.21,20
V0124,2024-05-31,P101,C033,S004,Ouest,Distributeur,4,688.98,20
V0125,2024-05-13,P101,C015,S001,Nord,Distributeur,2,920.09,10
V0126,2024-01-22,P104,C048,S002,Sud,Magasin,2,29.16,25
V0127,2024-12-08,P103,C030,S004,Ouest,Magasin,3,41.39,10
V0128,2024-12-23,P100,C018,S001,Nord,En ligne,2,104.53,20
V0129,2024-05-03,P100,C037,S003,Est,En ligne,5,148.09,25
V0130,2024-10-12,P101,C030,S001,Nord,En ligne,1,819.83,10
V0131,2024-11-23,P104,C004,S002,Sud,Distributeur,2,25.63,25
V0132,2024-11-01,P103,C037,S003,Est,En ligne,1,33.97,15
V0133,2024-02-27,P101,C000,S002,Sud,Distributeur,5,832.24,10
V0134,2024-10-01,P100,C018,S003,Est,Distributeur,2,132.81,5
V0135,2024-05-22,P104,C023,S004,Ouest,Distributeur,4,23.04,25
V0136,2024-09-21,P101,C002,S001,Nord,Distributeur,3,872.48,20
V0137,2024-03-05,P100,C042,S004,Ouest,En ligne,2,118.04,5
V0138,2024-01-26,P100,C037,S003,Est,Distributeur,5,149.83,0
V0139,2024-02-23,P101,C008,S001,Nord,Magasin,2,907.75,15
V0140,2024-11-29,P102,C030,S003,Est,Magasin,3,187.76,0
V0141,2024-07-17,P102,C003,S004,Ouest,En ligne,1,198.83,15
V0142,2024-08-07,P102,C026,S003,Est,Distributeur,4,226.96,15
V0143,2024-05-19,P102,C007,S002,Sud,Distributeur,1,238.77,15
V0144,2024-11-12,P100,C016,S002,Sud,Distributeur,3,127.66,25
V0145,2024-02-06,P103,C040,S001,Nord,En ligne,1,40.25,10
V0146,2024-08-07,P100,C019,S001,Nord,Distributeur,5,158.19,15
V0147,2024-08-10,P104,C017,S003,Est,En ligne,4,19.85,20
V0148,2024-01-10,P100,C017,S001,Nord,Magasin,5,108.86,10
V0149,2024-02-13,P101,C010,S003,Est,En ligne,1,856.45,0
V0150,2024-05-17,P104,C009,S001,Nord,Magasin,5,28.57,25
V0151,2024-02-15,P103,C033,S002,Sud,Magasin,3,40.25,5
V0152,2024-02-19,P102,C035,S004,Ouest,Magasin,1,217.73,15
V0153,2024-04-21,P101,C013,S003,Est,Magasin,3,757.92,10
V0154,2024-03-14,P100,C021,S001,Nord,Distributeur,4,156.09,0
V0155,2024-03-19,P102,C026,S003,Est,Magasin,4,223.9,25
V0156,2024-06-16,P104,C001,S002,Sud,En ligne,1,26.57,20
V0157,2024-12-17,P103,C047,S004,Ouest,Distributeur,5,36.55,10
V0158,2024-05-26,P104,C037,S004,Ouest,En ligne,2,20.85,10
V0159,2024-05-27,P103,C012,S004,Ouest,Magasin,5,49.41,0
V0160,2024-10-27,P100,C002,S003,Est,Distributeur,4,157.76,25
V0161,2024-06-20,P100,C049,S002,Sud,Distributeur,4,115.43,5
V0162,2024-07-23,P102,C032,S004,Ouest,En ligne,1,221.75,20
V0163,2024-03-10,P100,C010,S002,Sud,Magasin,1,100.17,0
V0164,2024-04-30,P100,C040,S002,Sud,Distributeur,2,142.46,20
V0165,2024-08-19,P103,C002,S004,Ouest,En ligne,4,37.17,10
V0166,2024-10-09,P100,C026,S003,Est,En ligne,4,150.1,20
V0167,2024-03-24,P100,C041,S004,Ouest,Magasin,3,98.65,10
V0168,2024-03-08,P103,C047,S003,Est,Magasin,1,39.88,15
V0169,2024-12-03,P100,C034,S002,Sud,Distributeur,3,150.59,20
V0170,2024-12-03,P102,C014,S002,Sud,Distributeur,5,146.22,0
V0171,2024-05-21,P104,C043,S002,Sud,Distributeur,2,21.96,15
V0172,2024-08-15,P102,C024,S004,Ouest,En ligne,1,173.24,0
V0173,2024-05-19,P103,C043,S003,Est,Magasin,5,49.16,5
V0174,2024-11-10,P101,C027,S001,Nord,Distributeur,3,730.52,25
V0175,2024-05-13,P102,C032,S003,Est,Distributeur,1,229.96,5
V0176,2024-11-17,P102,C023,S001,Nord,Distributeur,3,184.33,0
V0177,2024-10-06,P103,C030,S002,Sud,En ligne,1,49.68,10
V0178,2024-10-22,P100,C039,S004,Ouest,Magasin,4,143.51,5
V0179,2024-06-20,P101,C019,S003,Est,Magasin,3,925.35,25
V0180,2024-03-04,P100,C047,S003,Est,Distributeur,4,106.36,10
V0181,2024-11-30,P104,C048,S004,Ouest,En ligne,2,20.64,10
V0182,2024-01-19,P101,C044,S003,Est,En ligne,5,605.08,5
V0183,2024-07-21,P101,C015,S002,Sud,En ligne,5,791.51,10
V0184,2024-07-18,P101,C046,S003,Est,Magasin,1,990.31,10
V0185,2024-04-14,P103,C020,S002,Sud,En ligne,5,30.4,0
V0186,2024-09-13,P102,C022,S002,Sud,Magasin,4,186.51,25
V0187,2024-09-24,P100,C048,S001,Nord,En ligne,4,138.14,10
V0188,2024-06-04,P104,C035,S004,Ouest,En ligne,4,21.21,10
V0189,2024-08-21,P101,C037,S002,Sud,Distributeur,1,689.49,20
V0190,2024-06-11,P104,C030,S004,Ouest,Magasin,1,24.19,25
V0191,2024-03-15,P101,C019,S003,Est,Magasin,4,682.11,5
V0192,2024-01-13,P101,C007,S001,Nord,Magasin,1,702.21,10
V0193,2024-10-25,P103,C026,S002,Sud,Distributeur,5,33.88,0
V0194,2024-12-05,P100,C037,S001,Nord,Distributeur,3,131.96,15
V0195,2024-01-03,P101,C036,S002,Sud,En ligne,4,741.38,10
V0196,2024-04-12,P100,C003,S003,Est,Distributeur,2,153.0,20
V0197,2024-03-15,P100,C005,S001,Nord,Distributeur,3,139.91,25
V0198,2024-06-14,P104,C016,S001,Nord,Distributeur,1,19.03,5
V0199,2024-11-18,P101,C036,S002,Sud,Distributeur,2,992.57,0
V0200,2024-05-18,P103,C022,S003,Est,En ligne,5,33.16,0
V0201,2024-05-30,P104,C002,S002,Sud,Magasin,4,20.8,5
V0202,2024-02-06,P100,C043,S001,Nord,En ligne,2,104.07,15
V0203,2024-08-07,P102,C034,S003,Est,Distributeur,4,166.34,15
V0204,2024-01-04,P104,C010,S001,Nord,En ligne,1,25.53,10
V0205,2024-11-07,P101,C039,S002,Sud,Magasin,4,660.02,5
V0206,2024-09-24,P104,C001,S002,Sud,Magasin,2,20.99,5
V0207,2024-08-28,P103,C005,S001,Nord,Distributeur,5,45.87,0
V0208,2024-09-18,P103,C024,S003,Est,En ligne,4,31.56,20
V0209,2024-07-17,P102,C011,S002,Sud,Magasin,2,200.28,0
V0210,2024-07-29,P100,C022,S002,Sud,En ligne,4,144.39,10
V0211,2024-09-20,P102,C049,S002,Sud,Magasin,1,218.67,5
V0212,2024-11-10,P104,C014,S001,Nord,Distributeur,1,19.26,15
V0213,2024-04-04,P104,C002,S001,Nord,En ligne,4,29.27,5
V0214,2024-12-06,P104,C048,S001,Nord,Magasin,1,27.32,10
V0215,2024-02-02,P102,C035,S003,Est,Magasin,2,182.34,5
V0216,2024-04-05,P100,C018,S004,Ouest,Magasin,4,116.65,25
V0217,2024-06-28,P102,C009,S004,Ouest,Distributeur,1,160.95,10
V0218,2024-08-30,P102,C042,S003,Est,Magasin,3,225.03,0
V0219,2024-06-20,P102,C024,S002,Sud,Magasin,1,185.47,25
V0220,2024-04-07,P104,C004,S002,Sud,En ligne,3,25.14,5
V0221,2024-02-06,P103,C018,S001,Nord,Distributeur,1,45.3,5
V0222,2024-04-15,P100,C006,S004,Ouest,En ligne,1,131.87,10
V0223,2024-05-23,P102,C045,S002,Sud,Distributeur,1,165.56,10
V0224,2024-11-17,P101,C049,S003,Est,En ligne,1,902.32,5
V0225,2024-09-20,P101,C032,S004,Ouest,En ligne,2,796.14,5
V0226,2024-04-03,P102,C030,S002,Sud,Magasin,1,230.3,5
V0227,2024-06-04,P100,C036,S004,Ouest,Magasin,2,142.13,25
V0228,2024-11-20,P103,C029,S002,Sud,Magasin,3,41.49,20
V0229,2024-05-27,P102,C043,S001,Nord,Magasin,5,148.41,25
V0230,2024-03-13,P101,C034,S002,Sud,Magasin,1,798.2,5
V0231,2024-04-23,P103,C002,S003,Est,Distributeur,4,40.44,0
V0232,2024-11-06,P103,C047,S003,Est,Distributeur,4,39.92,10
V0233,2024-04-04,P100,C003,S003,Est,Magasin,4,152.39,0
V0234,2024-12-01,P102,C039,S002,Sud,Magasin,1,162.47,5
V0235,2024-05-13,P103,C003,S004,Ouest,Distributeur,4,35.68,20
V0236,2024-02-24,P101,C030,S001,Nord,Distributeur,4,855.37,25
V0237,2024-01-15,P104,C005,S002,Sud,Distributeur,2,25.72,25
V0238,2024-01-22,P101,C034,S001,Nord,En ligne,2,607.84,10
V0239,2024-06-16,P101,C003,S001,Nord,En ligne,4,927.6,0
V0240,2024-11-20,P100,C034,S001,Nord,Magasin,2,140.5,0
V0241,2024-06-08,P101,C021,S003,Est,En ligne,2,787.0,5
V0242,2024-11-07,P103,C036,S001,Nord,En ligne,3,38.32,0
V0243,2024-10-28,P100,C044,S002,Sud,Distributeur,1,154.5,0
V0244,2024-08-28,P100,C032,S004,Ouest,Magasin,2,117.5,10
V0245,2024-12-02,P102,C017,S002,Sud,Magasin,1,209.01,0
V0246,2024-01-24,P104,C041,S004,Ouest,En ligne,2,21.69,15
V0247,2024-10-04,P103,C045,S002,Sud,Magasin,5,38.57,15
V0248,2024-08-20,P101,C024,S001,Nord,Magasin,4,690.59,15
V0249,2024-06-21,P104,C048,S001,Nord,En ligne,4,27.71,10
V0250,2024-12-22,P102,C046,S002,Sud,En ligne,5,151.28,10
V0251,2024-11-07,P100,C021,S003,Est,En ligne,4,108.61,20
V0252,2024-05-02,P104,C001,S003,Est,Distributeur,1,22.13,15
V0253,2024-07-02,P100,C025,S004,Ouest,Magasin,4,115.0,20
V0254,2024-08-24,P104,C016,S002,Sud,Magasin,3,28.88,10
V0255,2024-03-17,P100,C032,S004,Ouest,Magasin,1,136.0,0
V0256,2024-10-29,P103,C018,S003,Est,Distributeur,1,42.83,20
V0257,2024-02-24,P100,C017,S001,Nord,En ligne,3,97.1,25
V0258,2024-08-28,P103,C011,S003,Est,Magasin,4,49.5,0
V0259,2024-03-25,P101,C009,S003,Est,Distributeur,2,745.1,25
V0260,2024-04-10,P100,C041,S003,Est,Distributeur,4,115.23,0
V0261,2024-12-14,P101,C030,S003,Est,En ligne,4,651.24,5
V0262,2024-10-08,P102,C032,S004,Ouest,Distributeur,5,174.45,0
V0263,2024-07-31,P102,C010,S004,Ouest,Distributeur,4,211.25,20
V0264,2024-03-30,P104,C047,S002,Sud,Distributeur,2,23.38,15
V0265,2024-04-22,P103,C043,S004,Ouest,Distributeur,1,39.94,0
V0266,2024-04-23,P100,C045,S004,Ouest,Distributeur,1,122.4,10
V0267,2024-01-13,P102,C044,S004,Ouest,Magasin,1,183.73,5
V0268,2024-09-03,P103,C036,S004,Ouest,En ligne,2,40.99,20
V0269,2024-03-02,P104,C015,S002,Sud,En ligne,5,19.7,15
V0270,2024-09-20,P100,C007,S003,Est,Magasin,4,125.71,5
V0271,2024-06-24,P100,C003,S001,Nord,Distributeur,4,149.76,0
V0272,2024-10-21,P101,C022,S004,Ouest,Distributeur,2,859.55,0
V0273,2024-01-21,P103,C002,S004,Ouest,En ligne,4,41.35,15
V0274,2024-01-02,P102,C035,S002,Sud,Magasin,3,209.22,15
V0275,2024-03-09,P102,C012,S002,Sud,En ligne,4,178.75,10
V0276,2024-10-20,P101,C020,S002,Sud,Magasin,3,998.62,5
V0277,2024-11-01,P100,C038,S001,Nord,En ligne,1,127.75,25
V0278,2024-05-28,P101,C048,S003,Est,En ligne,4,887.08,5
V0279,2024-10-12,P103,C017,S003,Est,Distributeur,2,41.95,10
V0280,2024-06-02,P103,C005,S003,Est,Distributeur,1,37.1,15
V0281,2024-07-08,P102,C031,S001,Nord,En ligne,3,189.63,20
V0282,2024-06-14,P102,C023,S004,Ouest,Magasin,1,149.03,10
V0283,2024-10-28,P100,C037,S003,Est,En ligne,5,158.07,0
V0284,2024-02-29,P103,C016,S003,Est,Magasin,2,35.1,15
V0285,2024-06-26,P103,C007,S004,Ouest,Magasin,3,45.04,0
V0286,2024-10-31,P101,C025,S004,Ouest,En ligne,5,608.99,25
V0287,2024-01-25,P101,C002,S003,Est,Distributeur,2,913.27,0
V0288,2024-12-18,P102,C011,S001,Nord,Magasin,4,179.72,20
V0289,2024-07-10,P100,C022,S002,Sud,Magasin,3,124.95,5
V0290,2024-08-26,P103,C047,S001,Nord,Magasin,3,30.15,0
V0291,2024-10-13,P103,C029,S001,Nord,En ligne,5,34.25,20
V0292,2024-06-28,P100,C006,S001,Nord,Magasin,4,133.06,20
V0293,2024-11-19,P100,C009,S002,Sud,Distributeur,1,123.03,5
V0294,2024-03-27,P101,C004,S002,Sud,Distributeur,1,937.47,20
V0295,2024-11-15,P101,C002,S003,Est,En ligne,2,992.94,15
V0296,2024-03-20,P104,C049,S002,Sud,Magasin,2,20.6,5
V0297,2024-03-21,P103,C019,S003,Est,En ligne,3,31.18,15
V0298,2024-10-18,P100,C034,S002,Sud,En ligne,5,130.37,25
V0299,2024-01-14,P104,C001,S003,Est,Magasin,5,29.28,5
V0300,2024-03-08,P102,C022,S004,Ouest,Magasin,3,170.92,5
V0301,2024-07-06,P101,C013,S001,Nord,En ligne,5,658.14,0
V0302,2024-02-15,P104,C029,S003,Est,Distributeur,3,24.08,15
V0303,2024-09-03,P101,C044,S004,Ouest,Magasin,3,832.41,20
V0304,2024-07-22,P102,C046,S003,Est,En ligne,1,180.44,15
V0305,2024-04-01,P104,C014,S001,Nord,En ligne,2,25.98,15
V0306,2024-04-22,P103,C037,S003,Est,Magasin,3,43.27,0
V0307,2024-01-09,P100,C006,S003,Est,Distributeur,2,142.0,20
V0308,2024-01-04,P100,C008,S001,Nord,Distributeur,2,109.62,25
V0309,2024-02-26,P103,C031,S001,Nord,Distributeur,1,36.93,15
V0310,2024-09-14,P100,C005,S003,Est,En ligne,3,139.38,10
V0311,2024-02-14,P102,C028,S003,Est,Distributeur,3,155.92,10
V0312,2024-03-08,P101,C023,S004,Ouest,Distributeur,5,607.58,0
V0313,2024-09-21,P100,C026,S001,Nord,Distributeur,1,143.73,10
V0314,2024-07-09,P100,C049,S004,Ouest,Distributeur,1,156.68,15
V0315,2024-07-07,P100,C038,S004,Ouest,En ligne,1,128.75,0
V0316,2024-02-14,P104,C045,S003,Est,En ligne,2,26.34,10
V0317,2024-03-24,P102,C044,S003,Est,Distributeur,4,148.1,10
V0318,2024-12-26,P103,C036,S004,Ouest,Distributeur,4,33.21,25
V0319,2024-02-28,P101,C044,S002,Sud,Distributeur,5,623.17,20
V0320,2024-01-20,P101,C023,S004,Ouest,Magasin,3,835.41,15
V0321,2024-03-10,P100,C016,S002,Sud,Distributeur,4,121.71,0
V0322,2024-05-18,P100,C046,S001,Nord,En ligne,5,112.53,0
V0323,2024-10-29,P102,C047,S004,Ouest,Distributeur,2,176.87,5
V0324,2024-12-11,P104,C025,S004,Ouest,Magasin,5,28.47,20
V0325,2024-09-14,P104,C011,S002,Sud,En ligne,2,23.36,5
V0326,2024-02-25,P103,C019,S002,Sud,Distributeur,1,34.63,25
V0327,2024-06-17,P104,C048,S002,Sud,En ligne,1,23.37,10
V0328,2024-11-11,P103,C023,S001,Nord,Distributeur,2,41.3,15
V0329,2024-05-12,P104,C021,S001,Nord,En ligne,1,27.67,0
V0330,2024-02-15,P101,C030,S001,Nord,En ligne,3,671.21,20
V0331,2024-06-23,P100,C027,S001,Nord,Distributeur,5,102.4,25
V0332,2024-07-16,P100,C016,S003,Est,Magasin,5,127.43,0
V0333,2024-09-15,P103,C024,S003,Est,Magasin,4,40.36,10
V0334,2024-09-14,P102,C010,S001,Nord,En ligne,3,235.24,25
V0335,2024-07-26,P104,C017,S003,Est,Distributeur,4,25.14,25
V0336,2024-07-15,P104,C025,S001,Nord,Magasin,2,27.09,25
V0337,2024-04-14,P104,C017,S001,Nord,Magasin,3,24.68,5
V0338,2024-01-19,P104,C009,S002,Sud,Distributeur,2,29.21,15
V0339,2024-08-02,P103,C046,S001,Nord,Distributeur,5,34.63,10
V0340,2024-05-17,P100,C022,S004,Ouest,Distributeur,2,143.05,10
V0341,2024-01-20,P100,C041,S004,Ouest,En ligne,3,146.28,20
V0342,2024-08-10,P101,C012,S002,Sud,En ligne,3,955.97,5
V0343,2024-10-02,P103,C018,S001,Nord,Magasin,5,35.59,15
V0344,2024-05-10,P100,C009,S004,Ouest,En ligne,5,133.59,20
V0345,2024-11-06,P104,C004,S004,Ouest,Distributeur,5,24.4,5
V0346,2024-07-26,P104,C033,S001,Nord,En ligne,5,19.82,25
V0347,2024-08-16,P101,C048,S002,Sud,En ligne,2,829.01,25
V0348,2024-09-15,P100,C019,S004,Ouest,En ligne,1,96.04,15
V0349,2024-06-19,P103,C019,S004,Ouest,Distributeur,1,41.02,5
V0350,2024-03-18,P104,C008,S001,Nord,En ligne,3,22.13,0
V0351,2024-04-30,P103,C029,S004,Ouest,En ligne,3,49.02,5
V0352,2024-11-16,P102,C035,S002,Sud,En ligne,4,217.42,20
V0353,2024-04-19,P101,C007,S002,Sud,Magasin,2,848.25,5
V0354,2024-12-07,P104,C004,S001,Nord,En ligne,1,29.5,20
V0355,2024-01-02,P104,C038,S003,Est,En ligne,2,25.75,25
V0356,2024-04-25,P102,C008,S004,Ouest,Magasin,2,232.68,20
V0357,2024-08-21,P100,C024,S001,Nord,Magasin,1,119.12,20
V0358,2024-02-23,P103,C003,S002,Sud,Distributeur,1,42.62,25
V0359,2024-10-04,P104,C046,S004,Ouest,En ligne,2,25.09,25
V0360,2024-12-18,P102,C005,S003,Est,Magasin,3,217.62,25
V0361,2024-05-16,P102,C045,S003,Est,Magasin,5,227.93,0
V0362,2024-04-21,P101,C048,S003,Est,Magasin,1,876.94,5
V0363,2024-05-09,P104,C000,S004,Ouest,Distributeur,1,18.67,15
V0364,2024-08-18,P101,C019,S003,Est,Magasin,4,833.14,25
V0365,2024-12-17,P104,C009,S003,Est,En ligne,3,22.72,0
V0366,2024-03-20,P102,C046,S003,Est,Distributeur,1,168.92,15
V0367,2024-11-13,P101,C008,S004,Ouest,Magasin,1,863.76,25
V0368,2024-07-09,P101,C005,S003,Est,En ligne,2,786.96,20
V0369,2024-08-14,P103,C008,S002,Sud,Magasin,1,30.42,10
V0370,2024-08-25,P101,C022,S002,Sud,Magasin,1,797.89,20
V0371,2024-03-23,P102,C027,S004,Ouest,Magasin,4,165.81,20
V0372,2024-08-10,P101,C049,S004,Ouest,Distributeur,5,797.0,15
V0373,2024-08-20,P103,C041,S004,Ouest,Magasin,5,42.47,15
V0374,2024-08-13,P104,C025,S001,Nord,Distributeur,5,26.39,20
V0375,2024-06-26,P102,C013,S001,Nord,Magasin,1,172.33,15
V0376,2024-03-28,P103,C014,S002,Sud,Distributeur,4,32.63,15
V0377,2024-12-24,P100,C001,S004,Ouest,En ligne,1,99.76,5
V0378,2024-12-09,P100,C010,S004,Ouest,Magasin,3,120.03,0
V0379,2024-04-03,P104,C007,S001,Nord,Distributeur,2,28.74,20
V0380,2024-06-23,P101,C034,S002,Sud,Magasin,2,922.21,20
V0381,2024-07-13,P100,C005,S004,Ouest,En ligne,1,146.37,15
V0382,2024-11-05,P100,C020,S002,Sud,En ligne,1,100.69,25
V0383,2024-07-26,P102,C016,S003,Est,Distributeur,5,229.62,5
V0384,2024-10-28,P103,C018,S001,Nord,Magasin,4,48.14,20
V0385,2024-09-04,P102,C012,S001,Nord,Distributeur,4,231.56,10
V0386,2024-08-14,P100,C038,S003,Est,Magasin,1,133.73,0
V0387,2024-01-05,P101,C006,S002,Sud,En ligne,4,692.62,25
V0388,2024-08-16,P102,C049,S002,Sud,En ligne,2,175.55,5
V0389,2024-12-08,P103,C039,S001,Nord,Distributeur,1,37.16,0
V0390,2024-09-04,P102,C011,S001,Nord,En ligne,4,156.99,25
V0391,2024-10-28,P101,C002,S004,Ouest,Magasin,5,600.09,10
V0392,2024-12-11,P103,C038,S002,Sud,En ligne,4,47.29,0
V0393,2024-09-02,P103,C027,S001,Nord,En ligne,1,47.45,0
V0394,2024-04-01,P100,C026,S001,Nord,Distributeur,3,99.08,15
V0395,2024-05-06,P103,C005,S004,Ouest,Magasin,1,46.32,20
V0396,2024-02-29,P104,C043,S003,Est,En ligne,5,24.85,25
V0397,2024-12-28,P101,C033,S002,Sud,En ligne,4,691.72,5
V0398,2024-03-12,P100,C004,S002,Sud,Distributeur,2,117.44,0
V0399,2024-04-10,P100,C003,S001,Nord,Magasin,5,118.41,15
V0400,2024-10-25,P102,C039,S004,Ouest,En ligne,4,205.55,5
V0401,2024-02-19,P102,C020,S001,Nord,Distributeur,1,158.77,15
V0402,2024-03-03,P100,C018,S003,Est,Distributeur,5,99.04,5
V0403,2024-05-16,P100,C032,S003,Est,En ligne,1,124.74,25
V0404,2024-07-04,P104,C031,S001,Nord,Distributeur,2,21.19,20
V0405,2024-04-02,P100,C018,S003,Est,Magasin,5,122.28,25
V0406,2024-08-10,P104,C024,S004,Ouest,Magasin,5,19.32,10
V0407,2024-04-22,P104,C033,S001,Nord,Magasin,5,20.87,15
V0408,2024-04-30,P102,C019,S001,Nord,Distributeur,1,199.13,5
V0409,2024-11-26,P100,C015,S002,Sud,En ligne,5,135.99,25
V0410,2024-10-30,P103,C000,S001,Nord,En ligne,4,48.93,5
V0411,2024-04-15,P100,C022,S004,Ouest,Distributeur,1,153.32,0
V0412,2024-10-24,P103,C027,S004,Ouest,Magasin,5,44.2,0
V0413,2024-04-12,P103,C015,S002,Sud,Magasin,5,42.67,10
V0414,2024-04-25,P103,C020,S001,Nord,Magasin,1,38.62,20
V0415,2024-11-27,P103,C044,S001,Nord,Distributeur,4,30.4,25
V0416,2024-01-21,P102,C019,S004,Ouest,Magasin,4,238.13,5
V0417,2024-11-10,P101,C015,S004,Ouest,Distributeur,3,825.47,0
V0418,2024-10-27,P100,C021,S002,Sud,Magasin,2,107.6,15
V0419,2024-01-11,P103,C030,S003,Est,Distributeur,5,41.24,25
V0420,2024-10-12,P104,C020,S003,Est,En ligne,4,20.22,20
V0421,2024-02-04,P100,C035,S002,Sud,Distributeur,2,97.7,20
V0422,2024-02-05,P100,C036,S003,Est,Magasin,1,107.53,10
V0423,2024-01-01,P100,C006,S002,Sud,Magasin,5,111.81,0
V0424,2024-01-06,P100,C035,S001,Nord,En ligne,1,131.14,10
V0425,2024-12-20,P100,C029,S002,Sud,En ligne,5,112.18,25
V0426,2024-05-27,P103,C044,S002,Sud,En ligne,1,49.63,0
V0427,2024-12-23,P102,C041,S004,Ouest,En ligne,3,146.21,10
V0428,2024-07-19,P103,C039,S003,Est,Magasin,5,34.68,15
V0429,2024-08-17,P100,C036,S004,Ouest,En ligne,4,133.93,0
V0430,2024-03-22,P100,C049,S001,Nord,Distributeur,5,101.67,0
V0431,2024-03-15,P100,C017,S002,Sud,En ligne,4,123.82,5
V0432,2024-04-02,P101,C045,S003,Est,Distributeur,3,602.15,0
V0433,2024-09-14,P103,C048,S003,Est,En ligne,1,32.95,0
V0434,2024-10-01,P100,C033,S003,Est,En ligne,2,144.21,20
V0435,2024-01-31,P101,C013,S001,Nord,Distributeur,4,746.43,0
V0436,2024-03-01,P103,C004,S001,Nord,En ligne,2,35.82,25
V0437,2024-12-25,P100,C016,S004,Ouest,Magasin,1,151.42,10
V0438,2024-10-23,P101,C009,S001,Nord,En ligne,1,999.42,20
V0439,2024-02-23,P100,C002,S003,Est,Distributeur,3,106.94,25
V0440,2024-11-07,P101,C036,S003,Est,Magasin,5,805.3,25
V0441,2024-08-02,P101,C026,S002,Sud,Magasin,2,871.94,5
V0442,2024-09-10,P103,C005,S003,Est,Distributeur,2,39.8,25
V0443,2024-01-28,P100,C044,S003,Est,Magasin,2,107.09,5
V0444,2024-02-28,P101,C046,S004,Ouest,En ligne,2,892.29,10
V0445,2024-05-17,P101,C009,S002,Sud,Magasin,5,993.52,25
V0446,2024-07-08,P103,C039,S002,Sud,Distributeur,2,30.19,10
V0447,2024-12-11,P103,C042,S002,Sud,Magasin,4,30.32,15
V0448,2024-08-30,P103,C028,S003,Est,En ligne,3,37.83,0
V0449,2024-01-27,P101,C012,S004,Ouest,Magasin,5,977.02,5
V0450,2024-02-28,P102,C038,S004,Ouest,En ligne,5,230.64,20
V0451,2024-03-10,P102,C037,S001,Nord,Magasin,2,182.52,5
V0452,2024-08-05,P104,C016,S002,Sud,En ligne,5,20.51,0
V0453,2024-04-30,P104,C001,S002,Sud,Distributeur,4,26.61,10
V0454,2024-01-07,P103,C031,S003,Est,Distributeur,2,43.56,0
V0455,2024-08-16,P103,C047,S003,Est,Magasin,4,36.43,20
V0456,2024-08-20,P102,C040,S001,Nord,Distributeur,1,227.03,25
V0457,2024-06-05,P104,C015,S001,Nord,Distributeur,2,27.0,15
V0458,2024-10-06,P100,C012,S004,Ouest,En ligne,4,118.72,15
V0459,2024-09-10,P103,C033,S003,Est,En ligne,4,33.9,10
V0460,2024-04-14,P100,C010,S003,Est,Distributeur,3,109.62,0
V0461,2024-07-10,P104,C003,S002,Sud,Magasin,1,28.48,10
V0462,2024-05-23,P102,C040,S001,Nord,En ligne,3,153.64,5
V0463,2024-12-04,P102,C022,S001,Nord,Distributeur,5,176.38,25
V0464,2024-10-02,P101,C016,S002,Sud,En ligne,3,668.55,20
V0465,2024-11-13,P101,C036,S001,Nord,En ligne,5,752.97,20
V0466,2024-12-03,P100,C007,S001,Nord,En ligne,2,155.62,10
V0467,2024-12-16,P104,C022,S001,Nord,Distributeur,5,23.47,10
V0468,2024-07-28,P101,C001,S004,Ouest,En ligne,5,998.32,20
V0469,2024-11-18,P102,C048,S001,Nord,Magasin,4,218.47,25
V0470,2024-04-05,P101,C029,S004,Ouest,Magasin,4,856.42,20
V0471,2024-10-06,P103,C025,S001,Nord,En ligne,5,40.01,25
V0472,2024-03-20,P101,C039,S001,Nord,Magasin,2,694.14,5
V0473,2024-03-19,P103,C021,S001,Nord,En ligne,3,36.36,5
V0474,2024-01-19,P103,C028,S004,Ouest,Distributeur,4,39.84,10
V0475,2024-03-25,P102,C044,S001,Nord,Distributeur,3,145.14,25
V0476,2024-01-29,P103,C034,S003,Est,Distributeur,5,40.15,5
V0477,2024-11-14,P101,C010,S003,Est,Distributeur,3,929.39,0
V0478,2024-01-04,P102,C010,S001,Nord,Magasin,1,157.28,15
V0479,2024-07-12,P101,C033,S003,Est,Distributeur,5,659.6,20
V0480,2024-11-14,P103,C035,S004,Ouest,En ligne,2,49.61,15
V0481,2024-04-20,P104,C047,S002,Sud,Distributeur,4,22.11,15
V0482,2024-08-05,P102,C043,S004,Ouest,Magasin,1,192.25,20
V0483,2024-04-16,P100,C021,S001,Nord,Magasin,1,158.47,25
V0484,2024-01-28,P100,C040,S004,Ouest,Magasin,4,132.33,25
V0485,2024-11-08,P101,C033,S001,Nord,En ligne,1,692.49,20
V0486,2024-01-09,P103,C018,S002,Sud,Magasin,2,42.57,10
V0487,2024-11-19,P103,C005,S001,Nord,Magasin,5,31.36,20
V0488,2024-09-28,P104,C022,S002,Sud,Distributeur,1,27.83,10
V0489,2024-03-22,P104,C009,S002,Sud,Distributeur,3,25.18,0
V0490,2024-03-13,P101,C039,S004,Ouest,En ligne,1,965.56,15
V0491,2024-01-02,P101,C046,S002,Sud,Distributeur,5,645.11,5
V0492,2024-07-11,P102,C006,S004,Ouest,Magasin,4,158.22,10
V0493,2024-07-17,P101,C004,S003,Est,Magasin,2,850.39,5
V0494,2024-01-30,P103,C021,S002,Sud,Distributeur,1,42.51,15
V0495,2024-10-17,P103,C009,S003,Est,En ligne,3,36.19,10
V0496,2024-10-04,P102,C023,S001,Nord,Magasin,3,187.43,5
V0497,2024-07-11,P100,C013,S002,Sud,En ligne,3,151.3,20
V0498,2024-09-08,P102,C047,S004,Ouest,Magasin,5,178.38,5
V0499,2024-01-21,P100,C021,S003,Est,Magasin,1,118.27,25
V0500,2024-06-23,P102,C005,S004,Ouest,Magasin,4,172.24,15
V0501,2024-01-14,P100,C028,S002,Sud,Distributeur,5,131.66,10
V0502,2024-10-18,P103,C036,S004,Ouest,En ligne,2,35.57,5
V0503,2024-11-23,P104,C009,S001,Nord,Magasin,5,26.64,25
V0504,2024-02-25,P104,C041,S001,Nord,En ligne,5,19.61,5
V0505,2024-01-26,P104,C012,S004,Ouest,Distributeur,2,19.3,25
V0506,2024-07-05,P104,C009,S004,Ouest,Distributeur,5,24.95,15
V0507,2024-12-19,P103,C032,S004,Ouest,En ligne,3,40.96,0
V0508,2024-09-09,P100,C039,S002,Sud,Distributeur,3,106.9,25
V0509,2024-03-21,P101,C009,S003,Est,En ligne,5,654.7,5
V0510,2024-01-13,P102,C034,S003,Est,En ligne,4,218.75,0
V0511,2024-02-09,P103,C010,S003,Est,En ligne,3,45.14,20
V0512,2024-08-22,P101,C002,S002,Sud,En ligne,3,667.48,0
V0513,2024-10-04,P102,C047,S001,Nord,Distributeur,5,189.39,10
V0514,2024-01-25,P102,C037,S002,Sud,En ligne,5,234.55,0
V0515,2024-04-21,P101,C027,S002,Sud,Distributeur,5,809.53,20
V0516,2024-03-09,P100,C030,S003,Est,En ligne,4,138.64,5
V0517,2024-11-16,P104,C034,S001,Nord,Distributeur,2,24.15,15
V0518,2024-07-01,P104,C013,S002,Sud,En ligne,1,19.37,20
V0519,2024-10-21,P103,C043,S003,Est,Magasin,5,46.86,15
V0520,2024-07-04,P103,C002,S003,Est,Magasin,2,30.79,10
V0521,2024-07-09,P101,C034,S002,Sud,Distributeur,4,970.84,0
V0522,2024-05-18,P101,C014,S003,Est,Distributeur,2,808.65,20
V0523,2024-12-30,P103,C038,S004,Ouest,Distributeur,2,41.45,15
V0524,2024-08-29,P103,C030,S004,Ouest,En ligne,5,50.0,0
V0525,2024-08-05,P103,C029,S004,Ouest,En ligne,3,33.53,0
V0526,2024-12-22,P100,C011,S001,Nord,Distributeur,3,153.78,0
V0527,2024-06-06,P102,C049,S004,Ouest,En ligne,2,199.37,0
V0528,2024-09-12,P104,C035,S002,Sud,En ligne,3,19.55,0
V0529,2024-01-20,P100,C046,S002,Sud,Distributeur,1,125.68,20
V0530,2024-12-09,P101,C038,S002,Sud,Magasin,1,705.49,15
V0531,2024-11-18,P100,C008,S001,Nord,Magasin,2,152.72,20
V0532,2024-10-03,P102,C014,S003,Est,En ligne,4,223.09,10
V0533,2024-03-04,P103,C037,S003,Est,En ligne,4,38.87,20
V0534,2024-07-03,P100,C018,S002,Sud,En ligne,2,127.1,20
V0535,2024-05-06,P104,C012,S004,Ouest,En ligne,2,21.8,25
V0536,2024-01-22,P102,C044,S002,Sud,Magasin,3,153.76,20
V0537,2024-08-22,P104,C023,S002,Sud,Magasin,3,20.07,15
V0538,2024-09-30,P102,C019,S001,Nord,Magasin,2,180.94,25
V0539,2024-12-08,P101,C041,S002,Sud,Magasin,5,658.81,15
V0540,2024-02-02,P104,C026,S001,Nord,En ligne,5,26.66,25
V0541,2024-09-03,P104,C016,S003,Est,Magasin,1,28.25,25
V0542,2024-10-19,P102,C025,S003,Est,Magasin,3,215.23,15
V0543,2024-10-14,P103,C043,S004,Ouest,Distributeur,2,42.27,0
V0544,2024-05-28,P104,C018,S003,Est,En ligne,3,20.96,20
V0545,2024-10-30,P102,C004,S001,Nord,Distributeur,2,163.15,5
V0546,2024-07-21,P104,C047,S002,Sud,Magasin,1,20.13,5
V0547,2024-02-25,P104,C016,S003,Est,Magasin,1,21.59,15
V0548,2024-05-11,P104,C006,S001,Nord,En ligne,2,24.24,25
V0549,2024-11-27,P100,C041,S004,Ouest,Magasin,3,155.38,10
V0550,2024-12-21,P102,C002,S004,Ouest,En ligne,4,162.03,5
V0551,2024-05-31,P100,C028,S004,Ouest,Magasin,5,103.44,5
V0552,2024-07-06,P102,C016,S001,Nord,Distributeur,5,150.78,15
V0553,2024-05-13,P101,C037,S003,Est,En ligne,5,686.31,10
V0554,2024-03-08,P100,C042,S004,Ouest,En ligne,4,119.0,25
V0555,2024-08-21,P102,C013,S003,Est,Magasin,2,187.19,10
V0556,2024-02-12,P100,C013,S003,Est,Magasin,1,147.83,0
V0557,2024-05-15,P101,C007,S004,Ouest,En ligne,4,805.26,10
V0558,2024-03-14,P100,C041,S004,Ouest,Distributeur,1,112.64,20
V0559,2024-01-27,P102,C043,S002,Sud,Magasin,1,149.1,0
V0560,2024-11-17,P101,C035,S004,Ouest,En ligne,2,823.94,10
V0561,2024-10-02,P102,C002,S003,Est,Magasin,2,203.84,20
V0562,2024-03-31,P102,C023,S003,Est,En ligne,3,182.37,10
V0563,2024-11-28,P104,C015,S001,Nord,Distributeur,1,29.94,10
V0564,2024-02-08,P100,C002,S002,Sud,En ligne,5,105.84,15
V0565,2024-05-15,P103,C009,S004,Ouest,En ligne,5,39.65,5
V0566,2024-12-01,P102,C015,S003,Est,Magasin,1,201.71,20
V0567,2024-11-02,P102,C019,S003,Est,Distributeur,5,156.75,5
V0568,2024-12-27,P104,C043,S003,Est,Magasin,3,18.57,15
V0569,2024-12-01,P101,C034,S004,Ouest,Distributeur,4,951.81,20
V0570,2024-08-20,P102,C025,S003,Est,Distributeur,2,175.32,25
V0571,2024-11-18,P103,C043,S002,Sud,Magasin,4,32.61,25
V0572,2024-04-23,P104,C035,S002,Sud,En ligne,4,19.04,10
V0573,2024-04-10,P100,C026,S004,Ouest,Magasin,3,147.3,5
V0574,2024-09-30,P104,C019,S004,Ouest,En ligne,2,22.05,10
V0575,2024-01-08,P101,C020,S002,Sud,En ligne,1,708.66,5
V0576,2024-10-23,P103,C012,S001,Nord,Distributeur,2,35.88,10
V0577,2024-12-27,P104,C004,S001,Nord,Distributeur,4,29.69,20
V0578,2024-02-05,P101,C020,S002,Sud,En ligne,5,687.2,0
V0579,2024-03-17,P104,C000,S003,Est,Magasin,4,26.25,0
V0580,2024-11-18,P101,C039,S004,Ouest,Magasin,1,980.73,5
V0581,2024-06-11,P100,C022,S004,Ouest,En ligne,3,108.77,5
V0582,2024-04-20,P100,C019,S001,Nord,En ligne,2,158.47,20
V0583,2024-02-19,P104,C040,S002,Sud,En ligne,2,20.65,15
V0584,2024-03-09,P103,C007,S003,Est,En ligne,5,46.34,0
V0585,2024-12-18,P104,C028,S004,Ouest,Distributeur,1,18.65,20
V0586,2024-01-07,P101,C049,S003,Est,Distributeur,5,902.95,20
V0587,2024-01-08,P103,C011,S002,Sud,Distributeur,5,34.83,20
V0588,2024-05-13,P102,C023,S002,Sud,Magasin,3,234.97,10
V0589,2024-04-11,P101,C013,S004,Ouest,Magasin,5,627.55,25
V0590,2024-10-20,P103,C005,S001,Nord,En ligne,2,30.87,15
V0591,2024-10-11,P104,C009,S001,Nord,En ligne,2,21.91,0
V0592,2024-05-31,P100,C016,S003,Est,Distributeur,2,129.21,0
V0593,2024-09-03,P103,C001,S004,Ouest,En ligne,4,39.4,10
V0594,2024-10-23,P100,C020,S001,Nord,Distributeur,4,99.1,25
V0595,2024-09-13,P103,C034,S002,Sud,Distributeur,5,38.85,10
V0596,2024-10-01,P101,C007,S001,Nord,Magasin,2,823.46,5
V0597,2024-08-28,P103,C025,S004,Ouest,Magasin,3,49.01,25
V0598,2024-06-26,P100,C038,S002,Sud,Distributeur,5,138.56,5
V0599,2024-03-07,P102,C049,S002,Sud,En ligne,4,171.35,25
V0600,2024-01-13,P100,C013,S002,Sud,Magasin,2,125.3,25
V0601,2024-05-18,P100,C040,S003,Est,En ligne,3,153.23,10
V0602,2024-08-28,P100,C009,S004,Ouest,En ligne,4,116.4,5
V0603,2024-05-16,P104,C040,S002,Sud,En ligne,2,25.12,20
V0604,2024-09-03,P102,C003,S003,Est,Magasin,2,172.98,15
V0605,2024-07-09,P101,C019,S001,Nord,Distributeur,3,697.92,5
V0606,2024-10-19,P101,C048,S004,Ouest,Distributeur,3,905.63,5
V0607,2024-02-24,P100,C015,S002,Sud,En ligne,3,111.52,10
V0608,2024-02-08,P101,C007,S002,Sud,Distributeur,1,640.33,0
V0609,2024-02-09,P102,C003,S003,Est,En ligne,2,148.08,20
V0610,2024-10-30,P102,C028,S001,Nord,Distributeur,4,224.13,0
V0611,2024-01-29,P102,C035,S003,Est,Magasin,3,205.63,25
V0612,2024-10-02,P103,C031,S004,Ouest,Magasin,3,49.29,20
V0613,2024-08-23,P100,C029,S002,Sud,Magasin,3,124.62,0
V0614,2024-12-25,P101,C006,S001,Nord,Distributeur,2,660.5,25
V0615,2024-12-12,P100,C023,S004,Ouest,Distributeur,2,122.46,10
V0616,2024-04-17,P103,C025,S003,Est,En ligne,2,31.77,20
V0617,2024-11-07,P102,C043,S001,Nord,Magasin,5,170.2,10
V0618,2024-03-07,P104,C047,S002,Sud,En ligne,4,29.53,5
V0619,2024-10-12,P103,C044,S004,Ouest,En ligne,1,37.62,0
V0620,2024-12-19,P101,C007,S003,Est,Magasin,4,820.57,20
V0621,2024-03-28,P102,C024,S002,Sud,Distributeur,1,210.28,20
V0622,2024-03-13,P100,C044,S002,Sud,Magasin,1,126.86,25
V0623,2024-04-09,P103,C017,S003,Est,En ligne,5,38.45,20
V0624,2024-10-26,P103,C003,S004,Ouest,Magasin,2,43.78,25
V0625,2024-11-02,P103,C006,S001,Nord,Distributeur,5,37.12,20
V0626,2024-01-30,P103,C010,S002,Sud,En ligne,1,40.65,25
V0627,2024-06-09,P103,C026,S003,Est,En ligne,4,38.4,10
V0628,2024-05-03,P104,C032,S002,Sud,Distributeur,2,23.81,5
V0629,2024-02-17,P100,C036,S002,Sud,Magasin,3,122.02,25
V0630,2024-07-30,P103,C033,S001,Nord,Magasin,4,35.01,0
V0631,2024-12-06,P103,C046,S002,Sud,Distributeur,5,30.04,10
V0632,2024-05-31,P100,C011,S002,Sud,Distributeur,5,137.34,15
V0633,2024-08-11,P104,C024,S003,Est,En ligne,5,24.99,0
V0634,2024-01-12,P103,C034,S003,Est,Distributeur,2,38.81,10
V0635,2024-04-27,P101,C005,S002,Sud,Distributeur,2,654.94,20
V0636,2024-11-26,P104,C009,S002,Sud,Magasin,5,18.12,0
V0637,2024-06-01,P100,C028,S003,Est,Magasin,4,123.01,15
V0638,2024-10-28,P102,C026,S002,Sud,En ligne,3,199.78,0
V0639,2024-09-07,P102,C003,S003,Est,En ligne,1,220.47,0
V0640,2024-09-17,P100,C044,S001,Nord,En ligne,2,108.03,15
V0641,2024-02-08,P104,C019,S004,Ouest,Distributeur,4,27.24,25
V0642,2024-11-28,P100,C010,S003,Est,Distributeur,4,121.16,10
V0643,2024-09-15,P104,C046,S003,Est,Magasin,4,22.86,20
V0644,2024-02-29,P100,C041,S001,Nord,Magasin,2,100.93,20
V0645,2024-08-23,P100,C027,S003,Est,Distributeur,2,98.08,10
V0646,2024-03-30,P100,C013,S003,Est,En ligne,1,110.82,20
V0647,2024-05-14,P102,C044,S003,Est,En ligne,1,159.42,5
V0648,2024-04-05,P103,C045,S004,Ouest,Magasin,3,34.57,20
V0649,2024-07-14,P100,C016,S002,Sud,En ligne,1,127.3,25
V0650,2024-11-03,P102,C038,S001,Nord,Magasin,1,211.51,20
V0651,2024-10-02,P101,C004,S002,Sud,Magasin,4,899.25,25
V0652,2024-08-08,P100,C006,S003,Est,Magasin,3,113.14,5
V0653,2024-12-11,P104,C047,S004,Ouest,Distributeur,3,29.87,10
V0654,2024-12-10,P104,C032,S003,Est,Magasin,2,29.75,25
V0655,2024-07-16,P100,C029,S002,Sud,Magasin,3,109.47,10
V0656,2024-02-01,P104,C036,S002,Sud,Magasin,1,20.62,5
V0657,2024-05-08,P100,C028,S003,Est,En ligne,5,147.51,25
V0658,2024-11-07,P104,C048,S002,Sud,Magasin,4,20.53,0
V0659,2024-03-19,P104,C010,S001,Nord,Magasin,5,28.13,0
V0660,2024-01-22,P102,C040,S003,Est,En ligne,3,203.74,0
V0661,2024-05-11,P101,C039,S004,Ouest,Distributeur,4,683.89,0
V0662,2024-04-08,P101,C005,S004,Ouest,Magasin,3,701.79,20
V0663,2024-01-31,P101,C040,S004,Ouest,En ligne,5,907.55,20
V0664,2024-12-09,P103,C004,S001,Nord,Distributeur,3,42.53,0
V0665,2024-03-11,P101,C024,S001,Nord,Distributeur,2,645.49,5
V0666,2024-02-27,P102,C025,S001,Nord,En ligne,5,206.05,15
V0667,2024-08-20,P103,C041,S002,Sud,En ligne,1,39.86,25
V0668,2024-06-09,P100,C010,S003,Est,Magasin,5,98.78,20
V0669,2024-05-07,P103,C037,S003,Est,Distributeur,4,39.15,10
V0670,2024-03-06,P101,C047,S001,Nord,Magasin,2,679.99,10
V0671,2024-07-31,P101,C011,S004,Ouest,En ligne,2,740.76,5
V0672,2024-09-08,P103,C006,S004,Ouest,Magasin,2,39.42,10
V0673,2024-07-15,P101,C046,S002,Sud,Magasin,2,756.46,5
V0674,2024-12-29,P104,C027,S003,Est,En ligne,3,25.86,10
V0675,2024-08-26,P104,C049,S001,Nord,Distributeur,2,24.59,20
V0676,2024-08-19,P104,C025,S002,Sud,Magasin,3,18.61,25
V0677,2024-03-13,P100,C026,S002,Sud,Distributeur,2,136.34,0
V0678,2024-03-12,P103,C017,S004,Ouest,En ligne,5,37.35,10
V0679,2024-08-04,P100,C046,S003,Est,Distributeur,4,144.96,25
V0680,2024-08-11,P104,C000,S001,Nord,Magasin,1,19.82,10
V0681,2024-09-14,P104,C047,S002,Sud,Distributeur,3,19.88,20
V0682,2024-03-08,P101,C034,S004,Ouest,Magasin,2,755.48,25
V0683,2024-05-08,P101,C031,S001,Nord,Magasin,3,669.1,10
V0684,2024-03-14,P101,C036,S002,Sud,Magasin,3,632.97,0
V0685,2024-05-21,P102,C011,S001,Nord,Magasin,1,226.7,0
V0686,2024-09-14,P103,C011,S004,Ouest,Magasin,1,43.14,20
V0687,2024-11-07,P101,C002,S004,Ouest,Magasin,4,937.69,15
V0688,2024-12-22,P100,C034,S001,Nord,En ligne,3,105.5,15
V0689,2024-04-28,P103,C035,S002,Sud,En ligne,4,36.67,20
V0690,2024-07-13,P102,C046,S002,Sud,Magasin,2,224.03,10
V0691,2024-09-02,P103,C043,S004,Ouest,Magasin,1,39.92,20
V0692,2024-08-29,P100,C003,S004,Ouest,Distributeur,2,116.41,5
V0693,2024-04-20,P102,C038,S002,Sud,Distributeur,5,196.63,5
V0694,2024-06-15,P100,C030,S001,Nord,Magasin,1,118.32,5
V0695,2024-10-15,P101,C028,S001,Nord,Magasin,4,967.34,0
V0696,2024-05-30,P104,C037,S004,Ouest,En ligne,2,23.62,15
V0697,2024-06-16,P102,C020,S002,Sud,En ligne,4,207.28,5
V0698,2024-12-06,P102,C016,S002,Sud,En ligne,5,237.3,0
V0699,2024-04-03,P102,C030,S004,Ouest,Magasin,1,161.83,20
V0700,2024-11-19,P101,C010,S002,Sud,Distributeur,1,803.27,20
V0701,2024-01-02,P104,C011,S002,Sud,Magasin,2,24.81,25
V0702,2024-06-02,P104,C041,S003,Est,Distributeur,1,28.85,5
V0703,2024-06-29,P103,C011,S001,Nord,En ligne,1,35.38,5
V0704,2024-10-16,P100,C004,S004,Ouest,En ligne,3,100.74,15
V0705,2024-04-18,P102,C027,S004,Ouest,En ligne,2,162.37,10
V0706,2024-07-28,P104,C027,S004,Ouest,En ligne,3,21.11,15
V0707,2024-07-12,P101,C002,S002,Sud,Magasin,2,985.77,0
V0708,2024-02-03,P103,C008,S002,Sud,En ligne,4,47.6,0
V0709,2024-01-07,P104,C039,S003,Est,Magasin,4,20.7,5
V0710,2024-08-10,P103,C035,S004,Ouest,Distributeur,2,40.91,10
V0711,2024-04-13,P101,C004,S004,Ouest,Distributeur,3,851.93,20
V0712,2024-01-20,P104,C000,S003,Est,Distributeur,3,18.5,10
V0713,2024-09-29,P101,C015,S003,Est,Distributeur,2,904.54,20
V0714,2024-11-27,P102,C004,S001,Nord,Magasin,1,183.54,15
V0715,2024-09-26,P103,C032,S004,Ouest,Distributeur,4,45.12,25
V0716,2024-02-14,P102,C013,S002,Sud,Magasin,5,153.8,5
V0717,2024-05-17,P100,C035,S001,Nord,Magasin,1,106.08,0
V0718,2024-04-03,P100,C019,S003,Est,En ligne,5,155.49,25
V0719,2024-07-29,P104,C029,S001,Nord,En ligne,5,25.72,0
V0720,2024-11-22,P102,C047,S001,Nord,Magasin,5,159.23,10
V0721,2024-08-17,P101,C036,S004,Ouest,En ligne,5,752.54,15
V0722,2024-06-25,P103,C036,S001,Nord,Magasin,2,34.52,20
V0723,2024-11-05,P104,C028,S003,Est,En ligne,4,24.38,25
V0724,2024-02-04,P100,C030,S004,Ouest,Distributeur,2,97.84,25
V0725,2024-06-09,P102,C039,S001,Nord,Magasin,2,220.12,15
V0726,2024-08-06,P100,C015,S004,Ouest,En ligne,1,113.01,5
V0727,2024-04-08,P104,C033,S003,Est,En ligne,3,27.55,5
V0728,2024-06-20,P100,C038,S004,Ouest,Distributeur,1,148.7,5
V0729,2024-10-14,P100,C022,S004,Ouest,En ligne,2,138.88,10
V0730,2024-02-19,P104,C027,S002,Sud,Distributeur,4,21.51,15
V0731,2024-11-13,P103,C038,S002,Sud,Distributeur,5,42.04,20
V0732,2024-01-24,P101,C041,S003,Est,En ligne,2,664.0,0
V0733,2024-08-05,P102,C029,S004,Ouest,En ligne,3,169.06,20
V0734,2024-09-09,P104,C037,S002,Sud,En ligne,2,24.99,20
V0735,2024-05-27,P103,C031,S001,Nord,En ligne,4,44.38,5
V0736,2024-03-25,P102,C007,S003,Est,Magasin,3,234.57,25
V0737,2024-04-21,P104,C047,S004,Ouest,En ligne,4,26.3,5
V0738,2024-12-03,P103,C003,S001,Nord,En ligne,4,30.32,25
V0739,2024-08-16,P100,C002,S003,Est,Distributeur,3,112.51,10
V0740,2024-12-16,P103,C047,S003,Est,Distributeur,5,31.88,15
V0741,2024-01-08,P100,C038,S001,Nord,En ligne,3,157.11,20
V0742,2024-04-14,P100,C018,S004,Ouest,Distributeur,1,147.24,10
V0743,2024-07-09,P102,C011,S003,Est,En ligne,1,185.72,15
V0744,2024-12-11,P103,C011,S003,Est,En ligne,4,40.87,15
V0745,2024-01-03,P100,C023,S004,Ouest,En ligne,2,151.27,10
V0746,2024-09-22,P100,C024,S002,Sud,Distributeur,1,115.35,25
V0747,2024-12-24,P100,C040,S004,Ouest,En ligne,5,152.56,10
V0748,2024-07-31,P104,C043,S002,Sud,Magasin,4,19.76,10
V0749,2024-09-01,P100,C009,S002,Sud,En ligne,2,151.94,25
V0750,2024-07-23,P102,C013,S002,Sud,En ligne,2,166.45,15
V0751,2024-11-09,P100,C031,S003,Est,Distributeur,2,121.48,5
V0752,2024-03-08,P104,C023,S002,Sud,Magasin,3,19.8,10
V0753,2024-04-08,P101,C023,S001,Nord,En ligne,4,806.79,20
V0754,2024-08-15,P100,C045,S002,Sud,En ligne,4,153.38,25
V0755,2024-07-18,P104,C036,S002,Sud,Distributeur,3,28.62,20
V0756,2024-07-28,P104,C047,S001,Nord,Magasin,2,19.21,10
V0757,2024-06-29,P100,C025,S003,Est,Magasin,1,106.9,10
V0758,2024-07-17,P101,C042,S002,Sud,Magasin,4,947.39,0
V0759,2024-10-11,P101,C011,S003,Est,Distributeur,2,953.88,25
V0760,2024-05-05,P102,C001,S004,Ouest,Distributeur,3,187.11,10
V0761,2024-11-28,P102,C030,S001,Nord,Magasin,1,195.48,5
V0762,2024-12-01,P104,C046,S001,Nord,En ligne,5,18.15,20
V0763,2024-10-04,P101,C016,S002,Sud,Magasin,4,654.87,10
V0764,2024-03-29,P100,C042,S002,Sud,Magasin,5,135.73,15
V0765,2024-03-16,P103,C007,S001,Nord,Magasin,3,39.32,15
V0766,2024-08-02,P104,C035,S002,Sud,Distributeur,5,22.31,0
V0767,2024-08-23,P104,C039,S004,Ouest,En ligne,2,23.97,25
V0768,2024-12-08,P103,C013,S002,Sud,Distributeur,1,31.51,15
V0769,2024-10-08,P101,C017,S001,Nord,Magasin,2,667.14,10
V0770,2024-09-05,P100,C026,S004,Ouest,Magasin,5,105.67,25
V0771,2024-11-11,P102,C026,S003,Est,Distributeur,3,224.84,20
V0772,2024-05-19,P101,C003,S003,Est,Distributeur,3,813.41,25
V0773,2024-09-01,P100,C035,S003,Est,En ligne,4,105.25,20
V0774,2024-09-09,P101,C026,S002,Sud,Magasin,1,714.25,10
V0775,2024-11-08,P101,C041,S004,Ouest,En ligne,1,715.28,15
V0776,2024-02-18,P103,C030,S002,Sud,En ligne,1,43.62,15
V0777,2024-02-28,P100,C048,S001,Nord,Magasin,3,106.94,10
V0778,2024-01-16,P102,C046,S002,Sud,En ligne,4,221.72,25
V0779,2024-07-24,P100,C001,S002,Sud,En ligne,5,102.64,25
V0780,2024-07-20,P100,C043,S004,Ouest,Magasin,5,145.93,10
V0781,2024-07-01,P103,C036,S003,Est,Distributeur,4,43.39,20
V0782,2024-07-09,P103,C046,S003,Est,Distributeur,4,43.32,5
V0783,2024-09-04,P102,C010,S001,Nord,En ligne,2,233.45,0
V0784,2024-01-17,P103,C046,S004,Ouest,En ligne,2,46.95,15
V0785,2024-03-22,P102,C031,S001,Nord,En ligne,1,233.21,5
V0786,2024-12-24,P103,C005,S004,Ouest,Distributeur,2,40.92,5
V0787,2024-07-27,P100,C037,S004,Ouest,Distributeur,3,158.45,5
V0788,2024-09-12,P100,C035,S003,Est,En ligne,3,110.42,20
V0789,2024-04-18,P100,C043,S003,Est,En ligne,1,125.55,25
V0790,2024-06-29,P102,C022,S001,Nord,Magasin,2,185.84,5
V0791,2024-09-01,P103,C045,S004,Ouest,Magasin,3,33.2,20
V0792,2024-06-04,P103,C027,S003,Est,Magasin,2,39.84,20
V0793,2024-01-06,P104,C046,S002,Sud,En ligne,5,26.35,25
V0794,2024-05-26,P102,C049,S001,Nord,Distributeur,2,147.4,15
V0795,2024-11-05,P103,C045,S001,Nord,En ligne,3,47.51,25
V0796,2024-11-18,P101,C025,S003,Est,Distributeur,4,665.9,25
V0797,2024-12-07,P103,C020,S001,Nord,Magasin,2,34.62,5
V0798,2024-03-05,P103,C040,S004,Ouest,Distributeur,4,38.26,10
V0799,2024-10-05,P104,C003,S003,Est,Distributeur,3,19.05,25
V0800,2024-09-23,P100,C047,S003,Est,Distributeur,5,157.76,25
V0801,2024-10-22,P101,C037,S003,Est,Distributeur,1,737.02,5
V0802,2024-12-13,P101,C015,S004,Ouest,Distributeur,2,917.23,5
V0803,2024-07-14,P101,C009,S004,Ouest,Magasin,1,865.48,0
V0804,2024-12-13,P102,C029,S001,Nord,Distributeur,5,220.11,20
V0805,2024-07-24,P103,C001,S004,Ouest,Distributeur,4,46.34,15
V0806,2024-07-06,P104,C019,S002,Sud,Distributeur,4,23.29,0
V0807,2024-10-26,P100,C022,S004,Ouest,En ligne,5,116.04,15
V0808,2024-07-29,P103,C043,S001,Nord,Magasin,5,48.62,20
V0809,2024-02-24,P104,C027,S001,Nord,En ligne,1,19.69,25
V0810,2024-05-30,P104,C019,S002,Sud,Magasin,5,25.69,0
V0811,2024-05-19,P103,C035,S003,Est,Magasin,1,36.29,0
V0812,2024-05-17,P101,C028,S001,Nord,Magasin,1,995.28,0
V0813,2024-05-27,P104,C037,S004,Ouest,En ligne,4,18.29,15
V0814,2024-10-25,P104,C018,S003,Est,Magasin,2,28.79,10
V0815,2024-12-10,P104,C036,S002,Sud,En ligne,1,18.88,20
V0816,2024-10-30,P103,C031,S003,Est,Magasin,4,46.38,25
V0817,2024-02-08,P100,C017,S003,Est,Magasin,2,146.44,10
V0818,2024-06-16,P103,C003,S003,Est,Distributeur,1,48.98,10
V0819,2024-02-27,P100,C010,S003,Est,Distributeur,2,106.02,0
V0820,2024-04-24,P100,C047,S002,Sud,Magasin,2,133.28,5
V0821,2024-08-05,P102,C000,S004,Ouest,Magasin,5,161.6,0
V0822,2024-10-05,P100,C008,S001,Nord,Distributeur,3,153.84,20
V0823,2024-09-20,P103,C032,S001,Nord,Distributeur,3,48.85,5
V0824,2024-12-08,P100,C031,S002,Sud,Distributeur,2,147.02,15
V0825,2024-04-12,P100,C037,S001,Nord,En ligne,2,97.48,25
V0826,2024-01-22,P103,C037,S004,Ouest,En ligne,1,39.74,20
V0827,2024-03-06,P103,C006,S002,Sud,En ligne,2,32.57,25
V0828,2024-05-03,P103,C043,S004,Ouest,En ligne,2,33.36,15
V0829,2024-08-18,P101,C037,S003,Est,Magasin,4,742.29,10
V0830,2024-01-01,P103,C035,S004,Ouest,En ligne,2,35.83,5
V0831,2024-12-15,P100,C004,S004,Ouest,Magasin,3,137.7,5
V0832,2024-01-11,P101,C005,S004,Ouest,Distributeur,5,966.99,5
V0833,2024-02-04,P100,C032,S002,Sud,Distributeur,1,144.86,25
V0834,2024-06-10,P103,C017,S003,Est,Distributeur,3,40.12,10
V0835,2024-12-13,P101,C039,S004,Ouest,Distributeur,1,850.8,20
V0836,2024-11-12,P100,C027,S001,Nord,Distributeur,5,132.41,20
V0837,2024-07-28,P101,C017,S002,Sud,Distributeur,4,631.91,20
V0838,2024-05-14,P100,C027,S004,Ouest,Distributeur,4,137.93,5
V0839,2024-09-13,P104,C045,S001,Nord,Distributeur,4,24.18,25
V0840,2024-12-08,P104,C039,S003,Est,Distributeur,4,27.03,15
V0841,2024-07-04,P101,C004,S002,Sud,Magasin,5,792.62,15
V0842,2024-04-23,P101,C005,S003,Est,Magasin,4,928.77,25
V0843,2024-10-25,P101,C047,S004,Ouest,En ligne,5,618.62,10
V0844,2024-07-09,P100,C029,S004,Ouest,En ligne,5,144.83,15
V0845,2024-03-25,P104,C032,S002,Sud,Distributeur,5,21.79,0
V0846,2024-11-27,P100,C037,S004,Ouest,Magasin,2,136.08,5
V0847,2024-06-24,P104,C003,S003,Est,Distributeur,1,19.14,10
V0848,2024-02-02,P101,C027,S002,Sud,En ligne,4,776.45,20
V0849,2024-06-23,P100,C042,S001,Nord,En ligne,3,122.9,10
V0850,2024-07-20,P104,C041,S004,Ouest,Distributeur,2,23.65,15
V0851,2024-08-28,P104,C049,S002,Sud,Distributeur,5,26.91,10
V0852,2024-05-08,P103,C010,S003,Est,Magasin,3,41.71,0
V0853,2024-02-09,P102,C015,S003,Est,Magasin,5,201.29,20
V0854,2024-03-12,P104,C006,S004,Ouest,Magasin,2,20.3,5
V0855,2024-10-22,P100,C034,S004,Ouest,Magasin,5,105.58,25
V0856,2024-10-18,P100,C000,S004,Ouest,En ligne,3,151.32,0
V0857,2024-04-14,P104,C025,S002,Sud,En ligne,3,20.85,15
V0858,2024-08-29,P101,C033,S002,Sud,Magasin,1,912.89,20
V0859,2024-08-30,P104,C037,S003,Est,Magasin,3,20.68,0
V0860,2024-02-04,P104,C010,S001,Nord,En ligne,3,22.93,25
V0861,2024-04-17,P103,C047,S004,Ouest,En ligne,4,34.51,0
V0862,2024-03-15,P100,C001,S003,Est,Distributeur,4,124.71,10
V0863,2024-07-03,P102,C025,S002,Sud,En ligne,2,189.25,10
V0864,2024-02-19,P100,C026,S003,Est,Distributeur,5,143.71,0
V0865,2024-04-12,P104,C048,S004,Ouest,Distributeur,4,22.79,25
V0866,2024-04-18,P100,C009,S001,Nord,Magasin,3,127.7,15
V0867,2024-10-19,P103,C002,S003,Est,Distributeur,1,35.18,25
V0868,2024-10-19,P101,C012,S002,Sud,En ligne,5,933.24,0
V0869,2024-03-16,P103,C021,S001,Nord,Distributeur,1,40.08,25
V0870,2024-11-15,P101,C018,S003,Est,En ligne,4,904.97,25
V0871,2024-11-22,P104,C034,S002,Sud,Magasin,3,26.85,20
V0872,2024-06-18,P100,C033,S003,Est,Distributeur,3,128.95,5
V0873,2024-11-03,P101,C028,S003,Est,En ligne,3,740.95,25
V0874,2024-02-01,P104,C014,S003,Est,En ligne,5,27.97,5
V0875,2024-05-05,P102,C017,S004,Ouest,Magasin,1,197.83,0
V0876,2024-06-20,P100,C039,S003,Est,Distributeur,2,132.89,5
V0877,2024-05-10,P100,C043,S001,Nord,Magasin,4,121.75,25
V0878,2024-04-27,P102,C011,S004,Ouest,Distributeur,5,219.79,20
V0879,2024-03-28,P101,C026,S002,Sud,En ligne,4,725.82,25
V0880,2024-09-28,P101,C019,S004,Ouest,Distributeur,2,817.74,15
V0881,2024-06-25,P103,C005,S001,Nord,Distributeur,5,47.8,20
V0882,2024-01-19,P101,C031,S003,Est,En ligne,5,717.56,0
V0883,2024-05-02,P100,C028,S003,Est,Magasin,1,148.11,10
V0884,2024-04-01,P104,C030,S002,Sud,En ligne,3,27.29,0
V0885,2024-08-02,P104,C025,S002,Sud,Distributeur,2,18.55,5
V0886,2024-12-30,P103,C044,S002,Sud,En ligne,4,32.87,15
V0887,2024-11-24,P103,C016,S004,Ouest,Distributeur,4,42.31,15
V0888,2024-11-13,P101,C006,S004,Ouest,Magasin,5,924.86,25
V0889,2024-10-20,P101,C025,S003,Est,En ligne,4,621.47,25
V0890,2024-04-11,P101,C045,S002,Sud,Magasin,4,906.28,25
V0891,2024-05-19,P104,C002,S001,Nord,En ligne,5,28.19,25
V0892,2024-01-11,P101,C033,S004,Ouest,En ligne,1,750.56,25
V0893,2024-09-25,P100,C038,S004,Ouest,Distributeur,4,134.93,0
V0894,2024-11-08,P104,C014,S001,Nord,Magasin,3,24.3,0
V0895,2024-12-19,P103,C026,S002,Sud,Magasin,5,43.93,20
V0896,2024-06-27,P103,C010,S004,Ouest,Magasin,3,32.15,15
V0897,2024-10-14,P101,C036,S001,Nord,En ligne,5,845.93,15
V0898,2024-11-02,P104,C022,S001,Nord,Distributeur,1,19.29,5
V0899,2024-07-21,P102,C037,S003,Est,En ligne,5,160.15,15
V0900,2024-03-10,P100,C044,S001,Nord,En ligne,3,100.92,20
V0901,2024-12-10,P102,C000,S003,Est,En ligne,5,197.7,5
V0902,2024-07-21,P103,C035,S004,Ouest,Magasin,4,45.76,10
V0903,2024-05-20,P102,C018,S003,Est,En ligne,2,159.46,25
V0904,2024-08-07,P101,C039,S001,Nord,Magasin,2,922.04,20
V0905,2024-10-23,P102,C032,S004,Ouest,En ligne,4,209.36,10
V0906,2024-07-30,P102,C014,S001,Nord,Magasin,4,186.09,15
V0907,2024-08-24,P102,C023,S003,Est,Distributeur,2,238.31,5
V0908,2024-08-16,P101,C035,S004,Ouest,Distributeur,4,890.9,25
V0909,2024-09-09,P100,C017,S001,Nord,En ligne,3,141.55,5
V0910,2024-12-18,P100,C009,S004,Ouest,Magasin,5,138.37,10
V0911,2024-05-14,P103,C003,S004,Ouest,En ligne,3,48.9,20
V0912,2024-11-17,P102,C034,S002,Sud,Magasin,2,184.88,5
V0913,2024-07-06,P103,C022,S003,Est,Magasin,4,36.73,15
V0914,2024-01-15,P103,C047,S004,Ouest,Magasin,3,40.14,10
V0915,2024-07-07,P101,C007,S004,Ouest,Distributeur,5,846.88,15
V0916,2024-04-01,P104,C039,S004,Ouest,En ligne,4,22.22,10
V0917,2024-05-07,P102,C002,S001,Nord,Distributeur,5,154.44,20
V0918,2024-02-24,P100,C032,S002,Sud,Magasin,1,139.84,20
V0919,2024-05-23,P103,C036,S003,Est,Magasin,3,46.84,25
V0920,2024-01-09,P102,C028,S003,Est,Magasin,2,198.49,15
V0921,2024-02-02,P103,C026,S002,Sud,Distributeur,5,32.09,5
V0922,2024-04-05,P104,C033,S003,Est,Magasin,2,27.59,0
V0923,2024-03-23,P101,C016,S001,Nord,En ligne,2,654.25,20
V0924,2024-09-20,P100,C049,S004,Ouest,Distributeur,4,110.29,0
V0925,2024-06-12,P104,C020,S003,Est,Magasin,1,28.15,15
V0926,2024-10-29,P102,C020,S001,Nord,Magasin,5,152.19,10
V0927,2024-12-12,P100,C048,S002,Sud,En ligne,5,105.75,25
V0928,2024-02-12,P100,C041,S001,Nord,En ligne,4,105.8,25
V0929,2024-09-18,P100,C036,S001,Nord,Distributeur,2,114.05,20
V0930,2024-02-20,P102,C043,S003,Est,Distributeur,3,225.25,20
V0931,2024-12-18,P100,C041,S002,Sud,Distributeur,5,152.87,10
V0932,2024-10-06,P102,C002,S004,Ouest,Distributeur,5,224.43,15
V0933,2024-06-10,P101,C023,S002,Sud,En ligne,4,928.01,5
V0934,2024-10-27,P104,C001,S002,Sud,En ligne,3,20.75,5
V0935,2024-07-29,P102,C033,S002,Sud,Distributeur,3,215.91,10
V0936,2024-03-03,P104,C017,S002,Sud,Magasin,5,19.99,25
V0937,2024-05-29,P103,C046,S001,Nord,En ligne,1,39.26,0
V0938,2024-11-14,P101,C019,S003,Est,En ligne,4,737.71,5
V0939,2024-03-04,P100,C026,S001,Nord,Magasin,4,132.71,0
V0940,2024-07-08,P104,C025,S004,Ouest,Magasin,2,28.63,25
V0941,2024-12-23,P103,C013,S001,Nord,Magasin,4,31.68,0
V0942,2024-10-23,P104,C014,S002,Sud,Magasin,1,23.8,10
V0943,2024-03-23,P103,C045,S002,Sud,En ligne,2,34.78,25
V0944,2024-05-31,P100,C044,S002,Sud,En ligne,4,145.48,10
V0945,2024-10-07,P100,C044,S003,Est,Magasin,3,100.77,0
V0946,2024-05-21,P103,C026,S002,Sud,Distributeur,1,38.51,20
V0947,2024-03-22,P104,C033,S002,Sud,Distributeur,5,27.78,10
V0948,2024-11-09,P103,C029,S002,Sud,En ligne,3,37.32,25
V0949,2024-05-25,P101,C011,S001,Nord,En ligne,4,685.72,20
V0950,2024-10-27,P101,C032,S004,Ouest,Distributeur,1,689.31,15
V0951,2024-12-23,P101,C025,S001,Nord,Distributeur,3,652.57,20
V0952,2024-09-13,P104,C028,S003,Est,En ligne,5,19.93,5
V0953,2024-01-18,P100,C001,S002,Sud,Magasin,4,122.97,0
V0954,2024-07-11,P101,C007,S002,Sud,Magasin,5,831.5,20
V0955,2024-10-23,P102,C040,S002,Sud,Magasin,2,149.15,0
V0956,2024-03-03,P104,C023,S002,Sud,En ligne,3,25.09,25
V0957,2024-07-17,P102,C033,S004,Ouest,En ligne,4,204.98,15
V0958,2024-01-14,P103,C033,S001,Nord,Magasin,3,30.48,25
V0959,2024-03-07,P103,C049,S003,Est,Magasin,2,41.94,20
V0960,2024-05-20,P104,C040,S004,Ouest,En ligne,4,29.87,25
V0961,2024-09-30,P104,C020,S004,Ouest,Distributeur,1,24.61,10
V0962,2024-01-23,P103,C012,S002,Sud,Magasin,1,33.61,10
V0963,2024-10-14,P100,C018,S001,Nord,Distributeur,4,129.69,20
V0964,2024-03-20,P103,C014,S003,Est,Distributeur,4,44.38,25
V0965,2024-02-22,P104,C039,S001,Nord,En ligne,4,23.38,0
V0966,2024-10-18,P103,C027,S001,Nord,En ligne,3,30.46,5
V0967,2024-07-12,P102,C046,S004,Ouest,Distributeur,2,222.91,15
V0968,2024-12-02,P102,C018,S001,Nord,Magasin,2,170.91,20
V0969,2024-10-10,P103,C047,S002,Sud,Distributeur,1,39.85,25
V0970,2024-09-10,P104,C015,S002,Sud,Magasin,3,22.75,0
V0971,2024-11-27,P103,C011,S004,Ouest,Magasin,2,30.92,0
V0972,2024-09-26,P100,C041,S003,Est,Distributeur,4,150.48,15
V0973,2024-01-16,P103,C000,S001,Nord,En ligne,2,34.22,25
V0974,2024-08-30,P103,C034,S003,Est,Magasin,2,42.92,25
V0975,2024-05-05,P104,C001,S001,Nord,En ligne,4,24.24,10
V0976,2024-10-24,P100,C048,S003,Est,Magasin,5,150.3,10
V0977,2024-07-14,P103,C014,S002,Sud,En ligne,4,41.31,10
V0978,2024-08-22,P102,C006,S004,Ouest,Distributeur,2,155.34,20
V0979,2024-09-26,P104,C034,S002,Sud,En ligne,4,27.0,15
V0980,2024-11-29,P104,C036,S001,Nord,Magasin,4,18.34,25
V0981,2024-09-18,P100,C008,S002,Sud,Magasin,2,102.44,10
V0982,2024-02-26,P104,C008,S002,Sud,Distributeur,1,20.09,5
V0983,2024-05-12,P103,C012,S003,Est,Distributeur,2,46.73,25
V0984,2024-11-24,P101,C040,S002,Sud,Distributeur,4,861.5,20
V0985,2024-08-12,P102,C031,S002,Sud,Magasin,2,197.59,25
V0986,2024-06-18,P100,C013,S001,Nord,Magasin,2,126.05,0
V0987,2024-11-28,P103,C004,S004,Ouest,En ligne,3,44.89,10
V0988,2024-12-14,P101,C045,S002,Sud,Magasin,1,725.88,15
V0989,2024-06-14,P101,C000,S003,Est,Magasin,4,810.93,0
V0990,2024-05-25,P103,C003,S003,Est,En ligne,5,33.64,5
V0991,2024-11-10,P101,C032,S002,Sud,Distributeur,4,955.42,5
V0992,2024-12-05,P100,C031,S004,Ouest,Distributeur,1,135.24,25
V0993,2024-12-24,P102,C037,S004,Ouest,Magasin,1,228.15,15
V0994,2024-01-22,P101,C021,S004,Ouest,En ligne,2,961.38,10
V0995,2024-05-30,P100,C043,S001,Nord,En ligne,2,112.1,15
V0996,2024-08-14,P103,C031,S001,Nord,Magasin,4,41.18,20
V0997,2024-04-26,P101,C011,S003,Est,Magasin,4,638.08,0
V0998,2024-11-12,P100,C047,S003,Est,Distributeur,5,134.07,0
V0999,2024-03-11,P101,C026,S001,Nord,Distributeur,4,726.36,5
V1000,2024-12-07,P102,C038,S002,Sud,Magasin,3,236.47,5
